Name,Hash
Unknown (Pl0100),`0x2C52A4A2`
Unknown (Pl0400),`0xEFF8B87D`
Unknown (Pl0700),`0x3384197F`
Unknown (Pl0700),`0x865B9A65`
Unknown (Pl0700),`0xA7781674`
Unknown (Pl0700),`0xAA8D483A`
Unknown (Pl0700),`0xF15CAAF3`
Unknown (Pl0700),`0x1F52CBDF`
Unknown (Pl0700),`0xF15CAAF2`
Unknown (Pl0700),`0xD07F26E2`
Unknown (Pl0700),`0xDAE7BCB5`
Unknown (Pl0700),`0x6F383F4F`
Unknown (Pl0700),`0x7935180D`
Unknown (Pl0700),`0x7935180E`
Unknown (Pl0700),`0x7A152B84`
Unknown (Pl0700),`0x6F383F50`
Unknown (Pl0700),`0x71A4DF4E`
Unknown (Pl0700),`0x44832915`
Unknown (Pl0700),`0x44832916`
Unknown (Pl0700),`0x4E1BB341`
Unknown (Pl0700),`0x33841980`
Unknown (Pl0700),`0x3E7147CE`
Unknown (Pl0800),`0xC8313227`
Unknown (Pl0900),`0x351D334B`
Unknown (Pl0900),`0xA35A1ACC`
Unknown (Pl1000),`0xA3D08ECC`
Unknown (Pl1100),`0x8C71F7DD`
Unknown (Pl1100),`0xE000D366`
Unknown (Pl1100),`0x70FA1BE7`
Unknown (Pl1200),`0xB6B2FA0D`
Unknown (Pl1300),`0x9234731A`
Unknown (Pl1500),`0x7B2B42FC`
Unknown (Pl1500),`0x2206919A`
Unknown (Pl1600),`0x4ADC6716`
Unknown (Pl1600),`0x05CA5D48`
Unknown (Pl1700),`0x8D70C1B6`
Unknown (Pl1700),`0xF858EDED`
Phantasmagoria (Pl1800),`0x8D2324D6`
Unknown (Pl2100),`0x6B258477`
Unknown (Pl2100),`0x035AE5D4`
Unknown (Pl2200),`0x607715DE`
Unknown (Pl2200),`0x607715DF`
Unknown (Pl2200),`0x7174941D`
Unknown (Pl2200),`0xA80061E9`
Unknown (Pl2200),`0xCCC343EE`
Unknown (Pl2300),`0x01AE6CA0`
